{"version": "1", "message": "ERROR: Hidden Testcases server unreachable.", "problem_id": "final_exam_a1_1", "user_id": "jannuprathyusha", "score": {"sample": {"0": {"execution_time": 0.5646560192108154, "passed": true}, "1": {"execution_time": 0.3984954357147217, "passed": true}, "2": {"execution_time": 0.48697400093078613, "passed": true}, "3": {"execution_time": 0.39221811294555664, "passed": true}, "4": {"execution_time": 0.42424488067626953, "passed": true}, "5": {"execution_time": 0.41120433807373047, "passed": true}, "6": {"execution_time": 0.5369424819946289, "passed": true}, "7": {"execution_time": 0.5131561756134033, "passed": true}, "8": {"execution_time": 0.5451037883758545, "passed": true}, "9": {"execution_time": 0.4931299686431885, "passed": true}, "10": {"execution_time": 0.47138381004333496, "passed": true}, "11": {"execution_time": 0.36312341690063477, "passed": true}, "12": {"execution_time": 0.3976759910583496, "passed": true}, "13": {"execution_time": 0.3251516819000244, "passed": true}}}, "check_style_score": "0/1"}