{"version": "1", "message": "ERROR: Hidden Testcases server unreachable.", "problem_id": "final_exam_a1_1", "user_id": "jannuprathyusha", "score": {"sample": {"0": {"execution_time": 1.3932609558105469, "passed": true}, "1": {"execution_time": 0.1968553066253662, "passed": true}, "2": {"execution_time": 0.2136995792388916, "passed": true}, "3": {"execution_time": 0.1663215160369873, "passed": true}, "4": {"execution_time": 0.20955395698547363, "passed": true}, "5": {"execution_time": 0.19847440719604492, "passed": true}, "6": {"execution_time": 0.22623920440673828, "passed": true}, "7": {"execution_time": 0.2236318588256836, "passed": true}, "8": {"execution_time": 0.2216198444366455, "passed": true}, "9": {"execution_time": 0.30706119537353516, "passed": true}, "10": {"execution_time": 0.2576906681060791, "passed": true}, "11": {"execution_time": 0.20026087760925293, "passed": true}, "12": {"execution_time": 0.13840031623840332, "passed": true}, "13": {"execution_time": 0.14231348037719727, "passed": true}}}, "check_style_score": "0/1"}